steps,elapsed_ms,tps
50,435.70423126220703,114.75674646342824
500,4337.85605430603,115.26431346279192
